S.no,File_Name,Key_Word,Page_Num,Number_Of_Occurances,Full_File_Path
0,lease_example.pdf,lease,1,2,E:\Zohaib\fiverr\jobs\tybryd\pdf_to_jpg\lease_example.pdf
1,lease_example.pdf,lease,2,5,E:\Zohaib\fiverr\jobs\tybryd\pdf_to_jpg\lease_example.pdf
2,lease_example.pdf,lease,3,3,E:\Zohaib\fiverr\jobs\tybryd\pdf_to_jpg\lease_example.pdf
3,lease_example.pdf,lease,4,3,E:\Zohaib\fiverr\jobs\tybryd\pdf_to_jpg\lease_example.pdf
4,lease_example.pdf,lease,5,13,E:\Zohaib\fiverr\jobs\tybryd\pdf_to_jpg\lease_example.pdf
5,lease_example.pdf,lease,6,5,E:\Zohaib\fiverr\jobs\tybryd\pdf_to_jpg\lease_example.pdf
6,lease_example.pdf,lease,7,7,E:\Zohaib\fiverr\jobs\tybryd\pdf_to_jpg\lease_example.pdf
7,lease_example.pdf,lease,8,10,E:\Zohaib\fiverr\jobs\tybryd\pdf_to_jpg\lease_example.pdf
8,lease_example.pdf,lease,9,3,E:\Zohaib\fiverr\jobs\tybryd\pdf_to_jpg\lease_example.pdf
9,lease_example.pdf,lease,1,2,E:\Zohaib\fiverr\jobs\tybryd\pdf_to_jpg\lease_example.pdf
10,lease_example.pdf,lease,2,5,E:\Zohaib\fiverr\jobs\tybryd\pdf_to_jpg\lease_example.pdf
11,lease_example.pdf,lease,3,3,E:\Zohaib\fiverr\jobs\tybryd\pdf_to_jpg\lease_example.pdf
12,lease_example.pdf,lease,4,3,E:\Zohaib\fiverr\jobs\tybryd\pdf_to_jpg\lease_example.pdf
13,lease_example.pdf,lease,5,13,E:\Zohaib\fiverr\jobs\tybryd\pdf_to_jpg\lease_example.pdf
14,lease_example.pdf,lease,6,5,E:\Zohaib\fiverr\jobs\tybryd\pdf_to_jpg\lease_example.pdf
15,lease_example.pdf,lease,7,7,E:\Zohaib\fiverr\jobs\tybryd\pdf_to_jpg\lease_example.pdf
16,lease_example.pdf,lease,8,10,E:\Zohaib\fiverr\jobs\tybryd\pdf_to_jpg\lease_example.pdf
17,lease_example.pdf,lease,9,3,E:\Zohaib\fiverr\jobs\tybryd\pdf_to_jpg\lease_example.pdf
18,lease_example1.pdf,lease,1,1,E:\Zohaib\fiverr\jobs\tybryd\pdf_to_jpg\lease_example1.pdf
19,lease_example1.pdf,lease,3,3,E:\Zohaib\fiverr\jobs\tybryd\pdf_to_jpg\lease_example1.pdf
20,lease_example1.pdf,lease,5,8,E:\Zohaib\fiverr\jobs\tybryd\pdf_to_jpg\lease_example1.pdf
21,lease_example1.pdf,lease,7,21,E:\Zohaib\fiverr\jobs\tybryd\pdf_to_jpg\lease_example1.pdf
22,lease_example1.pdf,lease,9,19,E:\Zohaib\fiverr\jobs\tybryd\pdf_to_jpg\lease_example1.pdf
23,lease_example1.pdf,lease,11,14,E:\Zohaib\fiverr\jobs\tybryd\pdf_to_jpg\lease_example1.pdf
24,lease_example1.pdf,lease,13,23,E:\Zohaib\fiverr\jobs\tybryd\pdf_to_jpg\lease_example1.pdf
25,lease_example1.pdf,lease,15,17,E:\Zohaib\fiverr\jobs\tybryd\pdf_to_jpg\lease_example1.pdf
26,lease_example1.pdf,lease,17,8,E:\Zohaib\fiverr\jobs\tybryd\pdf_to_jpg\lease_example1.pdf
27,lease_example1.pdf,lease,19,3,E:\Zohaib\fiverr\jobs\tybryd\pdf_to_jpg\lease_example1.pdf
28,lease_example1.pdf,lease,21,6,E:\Zohaib\fiverr\jobs\tybryd\pdf_to_jpg\lease_example1.pdf
29,lease_example1.pdf,lease,25,1,E:\Zohaib\fiverr\jobs\tybryd\pdf_to_jpg\lease_example1.pdf
30,lease_example1.pdf,lease,27,4,E:\Zohaib\fiverr\jobs\tybryd\pdf_to_jpg\lease_example1.pdf
31,lease_example1.pdf,lease,29,2,E:\Zohaib\fiverr\jobs\tybryd\pdf_to_jpg\lease_example1.pdf
0,lease_example.pdf,acres,1,1,E:\Zohaib\fiverr\jobs\tybryd\pdf_to_jpg\lease_example.pdf
1,lease_example.pdf,acres,4,2,E:\Zohaib\fiverr\jobs\tybryd\pdf_to_jpg\lease_example.pdf
2,lease_example.pdf,acres,5,2,E:\Zohaib\fiverr\jobs\tybryd\pdf_to_jpg\lease_example.pdf
3,lease_example.pdf,acres,1,1,E:\Zohaib\fiverr\jobs\tybryd\pdf_to_jpg\lease_example.pdf
4,lease_example.pdf,acres,4,2,E:\Zohaib\fiverr\jobs\tybryd\pdf_to_jpg\lease_example.pdf
5,lease_example.pdf,acres,5,2,E:\Zohaib\fiverr\jobs\tybryd\pdf_to_jpg\lease_example.pdf
6,lease_example1.pdf,acres,3,1,E:\Zohaib\fiverr\jobs\tybryd\pdf_to_jpg\lease_example1.pdf
7,lease_example1.pdf,acres,9,4,E:\Zohaib\fiverr\jobs\tybryd\pdf_to_jpg\lease_example1.pdf
8,lease_example1.pdf,acres,11,4,E:\Zohaib\fiverr\jobs\tybryd\pdf_to_jpg\lease_example1.pdf
9,lease_example1.pdf,acres,15,5,E:\Zohaib\fiverr\jobs\tybryd\pdf_to_jpg\lease_example1.pdf
